city,state,address,latitude,longitude
Birmingham,AL,Birmingham AL,33.570499,-86.7657829
Huntsville,AL,Huntsville AL,33.561968,-86.7988139
Montgomery,AL,Montgomery AL,40.854156,-78.2711029
Daleville,AL,Daleville AL,31.3101719,-85.7129907
Eielson AFB,AK,Eielson AFB AK,64.6755195,-147.057196141924
Anchorage,AK,Anchorage AK,61.2163129,-149.8948522
Juneau,AK,Juneau AK,58.3019496,-134.4197339
College,AK,College AK,64.8569444,-147.8027777
Fort Greely,AK,Fort Greely AK,63.881363,-145.748059884952
Fairbanks,AK,Fairbanks AK,64.837845,-147.7166749
Soldotna,AK,Soldotna AK,60.4847228,-151.0653494
Kodiak,AK,Kodiak AK,57.79,-152.4072221
Phoenix,AZ,Phoenix AZ,33.4485866,-112.0773455
Scottsdale,AZ,Scottsdale AZ,33.5091215,-111.8992364
Tucson,AZ,Tucson AZ,32.2217422,-110.9264758
Chandler,AZ,Chandler AZ,33.3067132,-111.8408488
Tempe,AZ,Tempe AZ,33.4144139,-111.9094473
Bentonville,AR,Bentonville AR,36.3728538,-94.2088171
Stuttgart,AR,Stuttgart AR,34.5003748,-91.552628
Texarkana,AR,Texarkana AR,33.441795,-94.0376923
Pine Bluff,AR,Pine Bluff AR,34.2284312,-92.0031954
Little Rock,AR,Little Rock AR,34.7464809,-92.2895947
Fort Smith,AR,Fort Smith AR,35.3872218,-94.4248982
Fayetteville,AR,Fayetteville AR,36.0625843,-94.1574327
Mountain View,CA,Mountain View CA,37.3855745,-122.0820499
Beverly Hills,CA,Beverly Hills CA,34.0736204,-118.4003562
Santa Clara Valley,CA,Santa Clara Valley CA,NA,NA
Santa Clara,CA,Santa Clara CA,37.3541132,-121.9551743
Palo Alto,CA,Palo Alto CA,37.442156,-122.1634471
San Francisco,CA,San Francisco CA,37.7792808,-122.4192362
Cupertino,CA,Cupertino CA,37.3230107,-122.0322518
Sunnyvale,CA,Sunnyvale CA,37.3688301,-122.0363495
Santa Monica,CA,Santa Monica CA,34.019657,-118.4875489
Irvine,CA,Irvine CA,33.6856969,-117.8259818
San Jose,CA,San Jose CA,37.3361905,-121.8905832
Los Angeles,CA,Los Angeles CA,34.0543942,-118.2439408
Denver,CO,Denver CO,39.7348381,-104.965327
Englewood,CO,Englewood CO,39.6482059,-104.987964
Westminster,CO,Westminster CO,39.8366528,-105.0372045
Golden,CO,Golden CO,39.755543,-105.2210996
Superior,CO,Superior CO,36.75374935,-95.9771366382712
Longmont,CO,Longmont CO,40.1672117,-105.1019286
Boulder,CO,Boulder CO,40.102555,-105.3632078
Broomfield,CO,Broomfield CO,39.9379892,-105.0587293
Hartford,CT,Hartford CT,41.3403944,-72.0243981
Stamford,CT,Stamford CT,51.4956959,-0.243652419976496
Norwalk,CT,Norwalk CT,36.6205663,-93.5394132
New Haven,CT,New Haven CT,22.2667238,114.192381924198
East Hartford,CT,East Hartford CT,41.7623342,-72.6204091077229
Rowayton,CT,Rowayton CT,41.08242,-73.4456042
Trumbull,CT,Trumbull CT,40.014363,-83.0272259
Shelton,CT,Shelton CT,40.085276,-83.0963309
Groton,CT,Groton CT,39.7578491,-84.1137124
Washington,DC,Washington DC,38.8949549,-77.0366455
Crystal City,VA,Crystal City VA,38.8579043,-77.0502897
Arlington,VA,Arlington VA,38.8903961,-77.0841584
Bolling AFB,DC,Bolling AFB DC,38.8377457,-77.0170924073893
McLean,VA,McLean VA,38.934289,-77.1776329
Newark,DE,Newark DE,39.68387145,-75.7354366393588
Wilmington,DE,Wilmington DE,39.745947,-75.5465889
Dover,DE,Dover DE,39.158168,-75.5243679
Fort Lauderdale,FL,Fort Lauderdale FL,26.1254381,-80.1381514
Tampa,FL,Tampa FL,27.9518491,-82.4563971
Orlando,FL,Orlando FL,28.5479786,-81.4127840856302
Miami,FL,Miami FL,25.800431,-80.2632189
Weston,FL,Weston FL,26.103632,-80.403101881737
Jacksonville,FL,Jacksonville FL,30.3321838,-81.6556509
Boca Raton,FL,Boca Raton FL,26.3586885,-80.0830983
Delray Beach,FL,Delray Beach FL,26.4614625,-80.07282
Juno Beach,FL,Juno Beach FL,26.8797819,-80.0533742
Tampa Bay,FL,Tampa Bay FL,27.6886419,-82.5723192
Saint Petersburg,FL,Saint Petersburg FL,27.77330515,-82.6469933
Miramar,FL,Miramar FL,25.97591145,-80.3347211811522
Atlanta,GA,Atlanta GA,33.7490987,-84.3901848
Acworth,GA,Acworth GA,34.0659329,-84.6768795
Lawrenceville,GA,Lawrenceville GA,33.9562149,-83.9879624
Duluth,GA,Duluth GA,34.0028569,-84.1441045
Alpharetta,GA,Alpharetta GA,34.0709576,-84.2747328
Honolulu,HI,Honolulu HI,21.304547,-157.8556763
Pearl Harbor,HI,Pearl Harbor HI,21.3491182,-157.9701828
Kahului,HI,Kahului HI,20.87308075,-156.454450104435
‘Ewa Beach,HI,‘Ewa Beach HI,21.3412848,-158.035042
Kunia Camp,HI,Kunia Camp HI,21.45882,-158.0616759
Kaua‘i,HI,Kaua‘i HI,22.05046655,-159.55876765017
‘Aiea,HI,‘Aiea HI,21.3750504,-157.9371581
Fort Shafter,HI,Fort Shafter HI,21.3510483,-157.891208
Kīhei,HI,Kīhei HI,20.785,-156.4655555
Lihue,HI,Lihue HI,21.9811111,-159.371111
Idaho Falls,ID,Idaho Falls ID,43.4935245,-112.0400918
Boise,ID,Boise ID,43.61656,-116.2008349
Twin Falls,ID,Twin Falls ID,42.5704219,-114.460317
Pocatello,ID,Pocatello ID,42.8688613,-112.4401097
Eagle,ID,Eagle ID,43.6954424,-116.3540137
McCall,ID,McCall ID,44.911006,-116.0987363
Payette,ID,Payette ID,44.0374651,-116.7651122
Chicago,IL,Chicago IL,41.8755546,-87.6244211
Abbott Park,IL,Abbott Park IL,42.2914372,-87.8964729
Evanston,IL,Evanston IL,42.0447388,-87.6930458
Springfield,IL,Springfield IL,39.7989763,-89.6443687
Schaumburg,IL,Schaumburg IL,42.0333608,-88.0834059
Lake Bluff,IL,Lake Bluff IL,42.2789117,-87.8342361
Lake Forest,IL,Lake Forest IL,42.2586342,-87.8406249
Rosemont,IL,Rosemont IL,41.9941334,-87.8756736
Northbrook,IL,Northbrook IL,42.1299234,-87.8299475
Des Plaines,IL,Des Plaines IL,42.0415823,-87.8873915
Indianapolis,IN,Indianapolis IN,39.7683331,-86.1583501
West Lafayette,IN,West Lafayette IN,40.4258686,-86.9080654
Carmel,IN,Carmel IN,39.9788383,-86.1187309
Rosedale,IN,Rosedale IN,39.6228165,-87.2833499
Michigan City,IN,Michigan City IN,41.7075394,-86.8950296
Bloomington,IN,Bloomington IN,39.1670396,-86.534288
Des Moines,IA,Des Moines IA,41.5910641,-93.6037148
Johnston,IA,Johnston IA,41.6731523,-93.6973394
Slater,IA,Slater IA,41.8791253,-93.6803215
Ames,IA,Ames IA,42.0267703,-93.6170553
Coralville,IA,Coralville IA,41.6764044,-91.5804474
Iowa City,IA,Iowa City IA,41.6612561,-91.5299105
Urbandale,IA,Urbandale IA,41.6274552,-93.7380623
Dubuque,IA,Dubuque IA,42.5006217,-90.6647966
Overland Park,KS,Overland Park KS,38.9822282,-94.6707916
Lawrence,KS,Lawrence KS,38.9719384,-95.2359495
Shawnee County,KS,Shawnee County KS,39.0273676,-95.7627534
Topeka,KS,Topeka KS,39.0490111,-95.6775556
Leavenworth,KS,Leavenworth KS,39.3110919,-94.9227995
Kansas City,KS,Kansas City KS,39.1146799,-94.7495245
Lenexa,KS,Lenexa KS,38.9536174,-94.7335708
Wichita,KS,Wichita KS,37.6922361,-97.3375447
Leawood,KS,Leawood KS,38.966673,-94.6169011
Home,KS,Home KS,39.8416678,-96.5197388
Covington,KY,Covington KY,39.0836224,-84.5083709
Lexington,KY,Lexington KY,38.0464066,-84.4970392
Franklin County,KY,Franklin County KY,38.2520423,-84.8633811
Louisville,KY,Louisville KY,38.2542376,-85.7594069
Nicholasville,KY,Nicholasville KY,37.8806341,-84.572996
Bowling Green,KY,Bowling Green KY,36.9903199,-86.4436017
Williamsburg,KY,Williamsburg KY,36.7434169,-84.159656
Highland Heights,KY,Highland Heights KY,39.0330902,-84.4521511
Culver City,CA,Culver City CA,34.0211224,-118.3964664
West Hollywood,CA,West Hollywood CA,34.0900091,-118.3617442
Playa del Rey,CA,Playa del Rey CA,33.9550828,-118.4367495
Scarborough,ME,Scarborough ME,43.596236,-70.3300409215606
Brewer,ME,Brewer ME,44.7964921,-68.7600831
Westbrook,ME,Westbrook ME,43.6770252,-70.3711616
Saco,ME,Saco ME,43.5009176,-70.4428285
Lisbon,ME,Lisbon ME,44.0314649,-70.1044974
Bar Harbor,ME,Bar Harbor ME,44.3864565,-68.2118569811003
Portland,ME,Portland ME,43.6610277,-70.2548595
Orono,ME,Orono ME,44.883299,-68.672254
Kennebunk,ME,Kennebunk ME,43.383974,-70.544775
Laurel,MD,Laurel MD,39.0992752,-76.848306
Columbia,MD,Columbia MD,39.2156213,-76.8582048
Annapolis Junction,MD,Annapolis Junction MD,39.11899645,-76.7963416455609
Baltimore,MD,Baltimore MD,39.2908816,-76.6107589
Adelphi,MD,Adelphi MD,39.003067,-76.9721019
Fort Meade,MD,Fort Meade MD,39.10517,-76.7476151974745
Bethesda,MD,Bethesda MD,38.9848265,-77.0946458
College Park,MD,College Park MD,38.980666,-76.9369188
Greenbelt,MD,Greenbelt MD,39.0045544,-76.8755281
Woodlawn,MD,Woodlawn MD,39.301516,-76.7459559
Silver Spring,MD,Silver Spring MD,38.9959081,-77.0288917
Glen Burnie,MD,Glen Burnie MD,39.1626298,-76.6250755
Fort George G Meade,MD,Fort George G Meade MD,39.10517,-76.7476151974745
National Harbor,MD,National Harbor MD,38.78343595,-77.0141418981482
Cambridge,MA,Cambridge MA,42.3750997,-71.1056156
Waltham,MA,Waltham MA,42.3756401,-71.2358003
Boston,MA,Boston MA,42.3604823,-71.0595677
Framingham,MA,Framingham MA,42.2792625,-71.4161719
Burlington,MA,Burlington MA,42.5048167,-71.195611
Dearborn,MI,Dearborn MI,42.3222599,-83.1763144
Troy,MI,Troy MI,42.6055893,-83.1499303
Plymouth,MI,Plymouth MI,45.0065149,-93.4665099
Warren,MI,Warren MI,42.4775364,-83.0277
Ann Arbor,MI,Ann Arbor MI,42.2681569,-83.731229
Detroit,MI,Detroit MI,42.3486635,-83.0567374
Auburn Hills,MI,Auburn Hills MI,42.6647495,-83.230937513002
Richfield,MN,Richfield MN,44.8766431,-93.2877876
Minneapolis,MN,Minneapolis MN,44.9772995,-93.2654691
Bloomington,MN,Bloomington MN,44.8322405,-93.3204871
Medina,MN,Medina MN,45.0352411,-93.5824585
Saint Paul,MN,Saint Paul MN,44.9504037,-93.1015025
Maplewood,MN,Maplewood MN,44.9530215,-92.9952152
Golden Valley,MN,Golden Valley MN,45.0020097,-93.3585272
Eden Prairie,MN,Eden Prairie MN,44.8546856,-93.4707859
Minneapolis-Saint Paul,MN,Minneapolis-Saint Paul MN,44.8621096,-93.2440816
Roseville,MN,Roseville MN,45.0060767,-93.1566106
Cleveland,MS,Cleveland MS,36.313957,-96.4758559
Vicksburg,MS,Vicksburg MS,32.3528418,-90.8777341
Brookhaven,MS,Brookhaven MS,34.5862036,-86.9936199
Jackson,MS,Jackson MS,39.0462506,-82.6428240665736
Stennis Space Center,MS,Stennis Space Center MS,NA,NA
Ridgeland,MS,Ridgeland MS,32.4284761,-90.1323086
Southaven,MS,Southaven MS,34.9889818,-90.0125912
Biloxi,MS,Biloxi MS,30.374673,-88.8459432348286
Madison,MS,Madison MS,38.686439,-90.1434419
St. Louis,MO,St. Louis MO,38.6272733,-90.1978888
Kansas City,MO,Kansas City MO,39.0844687,-94.5630297
Helena,MT,Helena MT,46.5927122,-112.0361089
Montana City,MT,Montana City MT,46.5377111,-111.9327687
Bozeman,MT,Bozeman MT,45.6799842,-111.0446747
Missoula,MT,Missoula MT,46.8700801,-113.9952795
Columbia Falls,MT,Columbia Falls MT,48.3697168,-114.1915823
Butte,MT,Butte MT,46.0131505,-112.5365088
Polson,MT,Polson MT,47.6905295,-114.1637613
Omaha,NE,Omaha NE,41.2587317,-95.9378731
Lincoln,NE,Lincoln NE,40.7999998,-96.6678212
Elkhorn,NE,Elkhorn NE,41.2860699,-96.234612
Blair,NE,Blair NE,41.5444379,-96.125015
Offutt AFB,NE,Offutt AFB NE,41.1173841,-95.9082651384935
Bellevue,NE,Bellevue NE,41.1366494,-95.8907372
Las Vegas,NV,Las Vegas NV,36.1662859,-115.1492249
Reno,NV,Reno NV,39.52927,-119.8136743
Sparks,NV,Sparks NV,39.5348431,-119.7527682
Indian Springs,NV,Indian Springs NV,36.5699552,-115.6706241
Hanover,NH,Hanover NH,43.7033561,-72.2885717
Dover,NH,Dover NH,43.198057,-70.8739157
Lebanon,NH,Lebanon NH,43.6425381,-72.2513829
Derry,NH,Derry NH,42.8808677,-71.3264491
Concord,NH,Concord NH,43.207106,-71.5370215
Merrimack,NH,Merrimack NH,42.8650864,-71.4934003
Durham,NH,Durham NH,43.1340949,-70.9265126
Keene,NH,Keene NH,42.933597,-72.2784263
Portsmouth,NH,Portsmouth NH,43.0717552,-70.7625531
Exeter,NH,Exeter NH,42.981477,-70.9478342
New Brunswick,NJ,New Brunswick NJ,40.4862174,-74.4518172
Jersey City,NJ,Jersey City NJ,40.7281575,-74.0776416
Basking Ridge,NJ,Basking Ridge NJ,40.7064088,-74.5492724
Piscataway,NJ,Piscataway NJ,40.5462553,-74.4660407
Parsippany,NJ,Parsippany NJ,40.8578772,-74.4259865
Princeton,NJ,Princeton NJ,40.3492744,-74.6592957
Teaneck,NJ,Teaneck NJ,40.8975992,-74.0159726
Bridgewater,NJ,Bridgewater NJ,40.5599163,-74.5516572
Rahway,NJ,Rahway NJ,40.6081591,-74.2776467
Whitehouse Station,NJ,Whitehouse Station NJ,40.61538,-74.7704408
East Brunswick,NJ,East Brunswick NJ,40.4278841,-74.4159839
Mount Laurel,NJ,Mount Laurel NJ,39.934002,-74.8909987
Los Alamos,NM,Los Alamos NM,35.8892969,-106.3206589
Albuquerque,NM,Albuquerque NM,35.0841034,-106.650985
White Sands,NM,White Sands NM,32.3837754,-106.496615309226
Socorro,NM,Socorro NM,34.0572791,-106.8930517
New York,NY,New York NY,40.7305991,-73.9865811
Brooklyn,NY,Brooklyn NY,40.6501038,-73.9495822
Tarrytown,NY,Tarrytown NY,41.076208,-73.8587459
Raleigh,NC,Raleigh NC,35.7803977,-78.6390988
Durham,NC,Durham NC,35.9940329,-78.8986189
Charlotte,NC,Charlotte NC,35.2270869,-80.8431267
Research Triangle Park,NC,Research Triangle Park NC,35.8970917,-78.8602849
Cary,NC,Cary NC,35.7882973,-78.7811924
Fargo,ND,Fargo ND,46.8772292,-96.7898209
Bismarck,ND,Bismarck ND,46.8083268,-100.7837391
Grand Forks,ND,Grand Forks ND,47.9078244,-97.0592027
Dickinson,ND,Dickinson ND,46.8791756,-102.7896241
West Fargo,ND,West Fargo ND,46.8749671,-96.9003619
Akron,OH,Akron OH,41.0830643,-81.5184853
Beachwood,OH,Beachwood OH,41.4644979,-81.5087321
Cincinnati,OH,Cincinnati OH,39.1014537,-84.5124601
Solon,OH,Solon OH,41.3897764,-81.4412258
Columbus,OH,Columbus OH,39.9622601,-83.0007064
Cleveland,OH,Cleveland OH,41.5051613,-81.6934445
Mason,OH,Mason OH,39.3600586,-84.3099389
Oklahoma City,OK,Oklahoma City OK,35.4729886,-97.5170535
Durant,OK,Durant OK,33.9939861,-96.3708239
Kansas,OK,Kansas OK,36.2050851,-94.7977276
Tulsa,OK,Tulsa OK,36.1556805,-95.9929112
Edmond,OK,Edmond OK,35.6571367,-97.4649037
Midwest City,OK,Midwest City OK,35.4495097,-97.3967024
Norman,OK,Norman OK,35.2225717,-97.4394815
Portland,OR,Portland OR,45.5202471,-122.6741948
Beaverton,OR,Beaverton OR,45.4871723,-122.8037803
Hillsboro,OR,Hillsboro OR,45.5228939,-122.9898269
Corvallis,OR,Corvallis OR,44.5645659,-123.2620434
Salem,OR,Salem OR,44.9391565,-123.0331209
Collegeville,PA,Collegeville PA,40.1856597,-75.4515709
Philadelphia,PA,Philadelphia PA,39.9523993,-75.1635898
Malvern,PA,Malvern PA,40.036202,-75.5138958
West Chester,PA,West Chester PA,39.9597213,-75.6059637
Plymouth Meeting,PA,Plymouth Meeting PA,40.1105915,-75.2844869122158
Harrisburg,PA,Harrisburg PA,40.2663107,-76.8861121
North Wales,PA,North Wales PA,40.2109404,-75.2782316
Providence,RI,Providence RI,51.4325529,-2.6640438
Warwick,RI,Warwick RI,41.7002024,-71.4161107
Cranston,RI,Cranston RI,50.8427082,0.4523485
West Kingston,RI,West Kingston RI,41.4831567,-71.5514496
Charleston,SC,Charleston SC,32.7876012,-79.9402727
Fort Mill,SC,Fort Mill SC,35.0073697,-80.9450758
North Charleston,SC,North Charleston SC,32.8546197,-79.9748102
Columbia,SC,Columbia SC,34.0007493,-81.0343312
Lexington,SC,Lexington SC,33.9815369,-81.2362106
Aiken,SC,Aiken SC,33.5598586,-81.7219519
Sioux Falls,SD,Sioux Falls SD,43.5499749,-96.7003269
Brookings,SD,Brookings SD,44.3114605,-96.7984396
Pierre,SD,Pierre SD,44.3683045,-100.3511847
Rapid City,SD,Rapid City SD,44.0811755,-103.2280059
Java,SD,Java SD,45.5033204,-99.8865082
Spearfish,SD,Spearfish SD,44.4908172,-103.8593697
Nashville,TN,Nashville TN,36.1622296,-86.774353
Knoxville,TN,Knoxville TN,35.9603948,-83.921026
Memphis,TN,Memphis TN,35.1490215,-90.0516284
Cool Springs,TN,Cool Springs TN,36.1628463,-89.138679
Collierville,TN,Collierville TN,35.042036,-89.6645265
Brentwood,TN,Brentwood TN,36.0325687,-86.7825234
Chattanooga,TN,Chattanooga TN,35.0456297,-85.30968
Oak Ridge,TN,Oak Ridge TN,36.0103562,-84.2696448
Franklin,TN,Franklin TN,35.925193,-86.8689364
Round Rock,TX,Round Rock TX,30.508235,-97.6788933
Houston,TX,Houston TX,29.675779,-95.4021585102112
San Antonio,TX,San Antonio TX,29.4246002,-98.4951404
Austin,TX,Austin TX,30.2711286,-97.7436994
Denton,TX,Denton TX,33.1458225245839,-97.1019635947584
Plano,TX,Plano TX,33.0136764,-96.6925095
Fort Worth,TX,Fort Worth TX,32.753177,-97.3327458
Dallas,TX,Dallas TX,32.7762719,-96.7968558
The Woodlands,TX,The Woodlands TX,30.1734194,-95.5046859
Cottonwood Heights,UT,Cottonwood Heights UT,40.6196702,-111.8102103
Draper,UT,Draper UT,40.5246711,-111.8638225
Salt Lake City,UT,Salt Lake City UT,40.7670126,-111.8904307
American Fork,UT,American Fork UT,40.3768954,-111.7957644
Lehi,UT,Lehi UT,40.3880902,-111.8491618
Farmington,UT,Farmington UT,40.9804423,-111.8874687
Midvale,UT,Midvale UT,40.6110589,-111.8999352
West Valley City,UT,West Valley City UT,40.6916132,-112.00105
Burlington,VT,Burlington VT,44.4723989,-73.211494
White River Junction,VT,White River Junction VT,43.64651,-72.3264309
Colchester,VT,Colchester VT,44.54791,-73.1558989
Montpelier,VT,Montpelier VT,44.260015,-72.5753598
Essex Junction,VT,Essex Junction VT,44.4906054,-73.1109604
Norwich,VT,Norwich VT,43.7130669,-72.3074403
Reston,VA,Reston VA,38.9584018,-77.3579742
Charlottesville,VA,Charlottesville VA,38.029306,-78.476678
Herndon,VA,Herndon VA,38.9695316,-77.3859478
Fairfax,VA,Fairfax VA,38.8462236,-77.3063732
Chantilly,VA,Chantilly VA,38.8943792,-77.4305117
Tidewater,VA,Tidewater VA,37.8551367,-76.6985686
Alexandria,VA,Alexandria VA,33.7237617,-116.2673236
Seattle,WA,Seattle WA,47.6038321,-122.3300623
Redmond,WA,Redmond WA,47.6694141,-122.1238766
Bellevue,WA,Bellevue WA,47.6144219,-122.1923371
Richland,WA,Richland WA,46.2778406,-119.2769066
Bothell,WA,Bothell WA,47.759853,-122.2068216
Job,WV,Job WV,38.8642774,-79.5569983
Clarksburg,WV,Clarksburg WV,39.2806451,-80.344534
Morgantown,WV,Morgantown WV,39.6296809,-79.9559436
Market,WV,Market WV,39.2050865,-80.7031572
Charleston,WV,Charleston WV,38.3505995,-81.6332811
Fairmont,WV,Fairmont WV,39.4850848,-80.142578
Madison,WI,Madison WI,43.074761,-89.3837612
Wausau,WI,Wausau WI,44.9596017,-89.6298238
Milwaukee,WI,Milwaukee WI,43.0349931,-87.9224969
Dodgeville,WI,Dodgeville WI,42.9599809,-90.1303944
Middleton,WI,Middleton WI,43.1055762,-89.5089286
Mount View,WI,Mount View WI,44.951635,-89.7267907
Brookfield,WI,Brookfield WI,43.0605671,-88.1064786
Neenah,WI,Neenah WI,44.1858193,-88.4626089
Mequon,WI,Mequon WI,43.2219088,-87.9822968
Laramie,WY,Laramie WY,32.805984,-117.0708309
Sheridan,WY,Sheridan WY,51.4098358,-0.0368027
Cheyenne,WY,Cheyenne WY,33.27906,-116.3905559
